{"meta": {"timestamp": "20230713_152231", "sim_duration": 0.5078158378601074, "latency_factors": [0.1], "determ": false, "use_deadlines": false, "num_iterations": 50}, "data_points": [{"t2": 100000000.0, "use_deadlines": false, "latency_factor": 0.1, "busy_factor": 0, "arrival_rate": 0, "succ_prob": 0.92, "succ_prob_lower": 0.811614974549363, "succ_prob_upper": 0.9684509967442093, "makespan": 1002463000.0, "succ_per_s": 0.9177396073471041, "succ_per_s_lower": 0.809620878326046, "succ_per_s_upper": 0.9660715624858067}]}