{"meta": {"timestamp": "20230706_104052", "sim_duration": 12.256327867507935, "latency_factors": [0.1], "determ": false, "use_deadlines": false, "num_iterations": 50}, "data_points": [{"t2": 100000000.0, "use_deadlines": false, "latency_factor": 0.1, "busy_factor": 0, "arrival_rate": 0.1, "succ_prob": 0.86, "succ_prob_lower": 0.7381354280147191, "succ_prob_upper": 0.9304925473797714, "makespan": 3001025000.0, "succ_per_s": 0.28656875567514434, "succ_per_s_lower": 0.2459611059603699, "succ_per_s_upper": 0.31005824589257713}, {"t2": 100000000.0, "use_deadlines": false, "latency_factor": 0.1, "busy_factor": 0.5, "arrival_rate": 0.1, "succ_prob": 0.62, "succ_prob_lower": 0.48150195022393577, "succ_prob_upper": 0.7413740415742277, "makespan": 9055675000.0, "succ_per_s": 0.06846535459808352, "succ_per_s_lower": 0.05317129316411375, "succ_per_s_upper": 0.0818684462035384}, {"t2": 100000000.0, "use_deadlines": false, "latency_factor": 0.1, "busy_factor": 1, "arrival_rate": 0.1, "succ_prob": 0.5, "succ_prob_lower": 0.36644286412332855, "succ_prob_upper": 0.6335571358766715, "makespan": 16170675000.0, "succ_per_s": 0.030920168762281104, "succ_per_s_lower": 0.022660950400853926, "succ_per_s_upper": 0.03917938712370829}]}