{"meta": {"timestamp": "20230713_152233", "sim_duration": 0.599658727645874, "latency_factors": [0.1], "determ": false, "use_deadlines": false, "num_iterations": 50}, "data_points": [{"t2": 100000000.0, "use_deadlines": false, "latency_factor": 0.1, "busy_factor": 0, "arrival_rate": 0, "succ_prob": 0.96, "succ_prob_lower": 0.8653966212204532, "succ_prob_upper": 0.9889613473391734, "makespan": 1002463000.0, "succ_per_s": 0.9576413294056738, "succ_per_s_lower": 0.8632703862590971, "succ_per_s_upper": 0.9865315202049088}]}