{"meta": {"timestamp": "20230713_174853", "sim_duration": 0.3229668140411377, "latency_factors": [0.01], "determ": true, "use_deadlines": false, "num_iterations": 5}, "data_points": [{"t2": 100000000.0, "use_deadlines": false, "latency_factor": 0.01, "busy_factor": 1, "arrival_rate": 0, "succ_prob": 1.0, "succ_prob_lower": 0.565508505247919, "succ_prob_upper": 1.0000000000000002, "makespan": 100037500.0, "succ_per_s": 9.996251405722854, "succ_per_s_lower": 5.65296519053274, "succ_per_s_upper": 9.996251405722857}]}