{"meta": {"timestamp": "20230706_105333", "sim_duration": 0.14952373504638672, "latency_factors": [0.1], "determ": false, "use_deadlines": false, "num_iterations": 5}, "data_points": [{"t2": 100000000.0, "use_deadlines": false, "latency_factor": 0.1, "busy_factor": 1, "arrival_rate": 0.1, "succ_prob": 0.4, "succ_prob_lower": 0.11761823115925325, "succ_prob_upper": 0.769280067791163, "makespan": 1510067500.0, "succ_per_s": 0.264888821195079, "succ_per_s_lower": 0.07788938650706227, "succ_per_s_upper": 0.509434225815179}]}