{"meta": {"timestamp": "20230706_105307", "sim_duration": 14.70181679725647, "latency_factors": [0.1], "determ": false, "use_deadlines": false, "num_iterations": 50}, "data_points": [{"t2": 100000000.0, "use_deadlines": false, "latency_factor": 0.1, "busy_factor": 0.01, "arrival_rate": 0.1, "succ_prob": 0.74, "succ_prob_lower": 0.6044657801100008, "succ_prob_upper": 0.8412862034863261, "makespan": 3121375000.0, "succ_per_s": 0.23707500700812942, "succ_per_s_lower": 0.19365368791317955, "succ_per_s_upper": 0.2695242332261667}, {"t2": 100000000.0, "use_deadlines": false, "latency_factor": 0.1, "busy_factor": 0.1, "arrival_rate": 0.1, "succ_prob": 0.64, "succ_prob_lower": 0.5014076201030194, "succ_prob_upper": 0.7586143703281713, "makespan": 4193675000.0, "succ_per_s": 0.15261077694384997, "succ_per_s_lower": 0.11956282260857587, "succ_per_s_upper": 0.18089488821336208}, {"t2": 100000000.0, "use_deadlines": false, "latency_factor": 0.1, "busy_factor": 1, "arrival_rate": 0.1, "succ_prob": 0.58, "succ_prob_lower": 0.4423319668777783, "succ_prob_upper": 0.7062520276543306, "makespan": 15020675000.0, "succ_per_s": 0.03861344446904017, "succ_per_s_lower": 0.029448208344683462, "succ_per_s_upper": 0.04701866112237504}]}