{"meta": {"timestamp": "20230713_152155", "sim_duration": 0.1309032440185547, "latency_factors": [10000], "determ": false, "use_deadlines": false, "num_iterations": 10}, "data_points": [{"t2": 100000000.0, "use_deadlines": false, "latency_factor": 10000, "busy_factor": 0, "arrival_rate": 0, "succ_prob": 0.4, "succ_prob_lower": 0.16817758120350967, "succ_prob_upper": 0.6873304525498135, "makespan": 20000000487000.0, "succ_per_s": 1.999999951300001e-05, "succ_per_s_lower": 8.408878855419285e-06, "succ_per_s_upper": 3.436652179066587e-05}]}