{"meta": {"timestamp": "20230713_152224", "sim_duration": 0.4908409118652344, "latency_factors": [1], "determ": false, "use_deadlines": false, "num_iterations": 50}, "data_points": [{"t2": 100000000.0, "use_deadlines": false, "latency_factor": 1, "busy_factor": 0, "arrival_rate": 0, "succ_prob": 0.66, "succ_prob_lower": 0.5215356854148286, "succ_prob_upper": 0.7756323036493894, "makespan": 10002463000.0, "succ_per_s": 0.06598374820281765, "succ_per_s_lower": 0.05214072628059995, "succ_per_s_upper": 0.07754413124541319}]}