{"meta": {"timestamp": "20230713_152220", "sim_duration": 0.487321138381958, "latency_factors": [1], "determ": false, "use_deadlines": false, "num_iterations": 50}, "data_points": [{"t2": 100000000.0, "use_deadlines": false, "latency_factor": 1, "busy_factor": 0, "arrival_rate": 0, "succ_prob": 0.74, "succ_prob_lower": 0.6044657801100008, "succ_prob_upper": 0.8412862034863261, "makespan": 10002463000.0, "succ_per_s": 0.07398177828800766, "succ_per_s_lower": 0.06043169368484551, "succ_per_s_upper": 0.08410790457173659}]}