{"meta": {"timestamp": "20230713_174720", "sim_duration": 1.5810701847076416, "latency_factors": [0.01], "determ": false, "use_deadlines": false, "num_iterations": 50}, "data_points": [{"t2": 100000000.0, "use_deadlines": false, "latency_factor": 0.01, "busy_factor": 0, "arrival_rate": 0, "succ_prob": 1.0, "succ_prob_lower": 0.9286499658256813, "succ_prob_upper": 1.0, "makespan": 102466000.0, "succ_per_s": 9.759334803739778, "succ_per_s_lower": 9.063005931974326, "succ_per_s_upper": 9.759334803739778}]}