{"meta": {"timestamp": "20230713_152214", "sim_duration": 0.5405216217041016, "latency_factors": [10], "determ": false, "use_deadlines": false, "num_iterations": 50}, "data_points": [{"t2": 100000000.0, "use_deadlines": false, "latency_factor": 10, "busy_factor": 0, "arrival_rate": 0, "succ_prob": 0.7, "succ_prob_lower": 0.562493877226366, "succ_prob_upper": 0.8089661091039063, "makespan": 100002463000.0, "succ_per_s": 0.006999827594246354, "succ_per_s_lower": 0.005624800233433911, "succ_per_s_upper": 0.008089461847593757}]}