{"meta": {"timestamp": "20230706_104925", "sim_duration": 12.267370223999023, "latency_factors": [0.1], "determ": false, "use_deadlines": false, "num_iterations": 50}, "data_points": [{"t2": 100000000.0, "use_deadlines": false, "latency_factor": 0.1, "busy_factor": 0.01, "arrival_rate": 0.1, "succ_prob": 0.8, "succ_prob_lower": 0.6696262789551477, "succ_prob_upper": 0.8875637005402611, "makespan": 3128775000.0, "succ_per_s": 0.255691125120854, "succ_per_s_lower": 0.2140218708456657, "succ_per_s_upper": 0.28367770150946015}, {"t2": 100000000.0, "use_deadlines": false, "latency_factor": 0.1, "busy_factor": 0.1, "arrival_rate": 0.1, "succ_prob": 0.9, "succ_prob_lower": 0.7863950966521162, "succ_prob_upper": 0.9565248760084288, "makespan": 4298675000.0, "succ_per_s": 0.20936683978202586, "succ_per_s_lower": 0.1829389513401493, "succ_per_s_upper": 0.22251621162530985}, {"t2": 100000000.0, "use_deadlines": false, "latency_factor": 0.1, "busy_factor": 1, "arrival_rate": 0.1, "succ_prob": 0.54, "succ_prob_lower": 0.40398634328388083, "succ_prob_upper": 0.6703056539821737, "makespan": 14180675000.0, "succ_per_s": 0.038079992666075486, "succ_per_s_lower": 0.028488512943416363, "succ_per_s_upper": 0.04726895256975946}]}