{"meta": {"timestamp": "20230713_151959", "sim_duration": 0.11530041694641113, "latency_factors": [10000], "determ": false, "use_deadlines": false, "num_iterations": 1}, "data_points": [{"t2": 100000000.0, "use_deadlines": false, "latency_factor": 10000, "busy_factor": 0, "arrival_rate": 0, "succ_prob": 1.0, "succ_prob_lower": 0.20654329147389294, "succ_prob_upper": 1.0, "makespan": 2000000043500.0, "succ_per_s": 0.0004999999891250002, "succ_per_s_lower": 0.00010327164349078824, "succ_per_s_upper": 0.0004999999891250002}]}