{"meta": {"timestamp": "20230713_174733", "sim_duration": 0.36794137954711914, "latency_factors": [0.01], "determ": false, "use_deadlines": false, "num_iterations": 5}, "data_points": [{"t2": 100000000.0, "use_deadlines": false, "latency_factor": 0.01, "busy_factor": 0, "arrival_rate": 0, "succ_prob": 1.0, "succ_prob_lower": 0.565508505247919, "succ_prob_upper": 1.0000000000000002, "makespan": 10250500.0, "succ_per_s": 97.55621676991366, "succ_per_s_lower": 55.16887032319584, "succ_per_s_upper": 97.55621676991369}]}