{"meta": {"timestamp": "20230713_152222", "sim_duration": 0.47740888595581055, "latency_factors": [1], "determ": false, "use_deadlines": false, "num_iterations": 50}, "data_points": [{"t2": 100000000.0, "use_deadlines": false, "latency_factor": 1, "busy_factor": 0, "arrival_rate": 0, "succ_prob": 0.68, "succ_prob_lower": 0.5418944286372392, "succ_prob_upper": 0.792419559060006, "makespan": 10002463000.0, "succ_per_s": 0.06798325572411515, "succ_per_s_lower": 0.05417609929046868, "succ_per_s_upper": 0.0792224434181867}]}