{"meta": {"timestamp": "20230713_152206", "sim_duration": 0.5005249977111816, "latency_factors": [10000], "determ": false, "use_deadlines": false, "num_iterations": 50}, "data_points": [{"t2": 100000000.0, "use_deadlines": false, "latency_factor": 10000, "busy_factor": 0, "arrival_rate": 0, "succ_prob": 0.48, "succ_prob_lower": 0.347969123955057, "succ_prob_upper": 0.6148848774119157, "makespan": 100000002463000.0, "succ_per_s": 4.799999881776003e-06, "succ_per_s_lower": 3.479691153845777e-06, "succ_per_s_upper": 6.148848622673015e-06}]}