{"meta": {"timestamp": "20230713_151957", "sim_duration": 0.10264062881469727, "latency_factors": [10000], "determ": false, "use_deadlines": false, "num_iterations": 1}, "data_points": [{"t2": 100000000.0, "use_deadlines": false, "latency_factor": 10000, "busy_factor": 0, "arrival_rate": 0, "succ_prob": 0.0, "succ_prob_lower": 0.0, "succ_prob_upper": 0.7934567085261071, "makespan": 2000000043500.0, "succ_per_s": 0.0, "succ_per_s_lower": 0.0, "succ_per_s_upper": 0.000396728345634212}]}