{"meta": {"timestamp": "20230713_152153", "sim_duration": 0.12979817390441895, "latency_factors": [10000], "determ": false, "use_deadlines": false, "num_iterations": 10}, "data_points": [{"t2": 100000000.0, "use_deadlines": false, "latency_factor": 10000, "busy_factor": 0, "arrival_rate": 0, "succ_prob": 0.6, "succ_prob_lower": 0.3126695474501863, "succ_prob_upper": 0.8318224187964901, "makespan": 20000000487000.0, "succ_per_s": 2.9999999269500017e-05, "succ_per_s_lower": 1.563347699183415e-05, "succ_per_s_upper": 4.159111992708073e-05}]}