{"meta": {"timestamp": "20230713_174657", "sim_duration": 1.5727365016937256, "latency_factors": [10], "determ": false, "use_deadlines": false, "num_iterations": 50}, "data_points": [{"t2": 100000000.0, "use_deadlines": false, "latency_factor": 10, "busy_factor": 0, "arrival_rate": 0, "succ_prob": 0.6, "succ_prob_lower": 0.4618118910275937, "succ_prob_upper": 0.7239181021375426, "makespan": 100002464000.0, "succ_per_s": 0.005999852163642688, "succ_per_s_lower": 0.004618005122629715, "succ_per_s_upper": 0.007239002652350072}]}