{"meta": {"timestamp": "20230706_104010", "sim_duration": 12.418046951293945, "latency_factors": [0.01], "determ": false, "use_deadlines": false, "num_iterations": 50}, "data_points": [{"t2": 100000000.0, "use_deadlines": false, "latency_factor": 0.01, "busy_factor": 0, "arrival_rate": 0.1, "succ_prob": 0.98, "succ_prob_lower": 0.8950431352816304, "succ_prob_upper": 0.9964608319110234, "makespan": 301025000.0, "succ_per_s": 3.2555435595050244, "succ_per_s_lower": 2.9733182801482614, "succ_per_s_upper": 3.3102261669662765}, {"t2": 100000000.0, "use_deadlines": false, "latency_factor": 0.01, "busy_factor": 0.5, "arrival_rate": 0.1, "succ_prob": 0.94, "succ_prob_lower": 0.8378265662912299, "succ_prob_upper": 0.9793854036353695, "makespan": 894675000.0, "succ_per_s": 1.0506608545002376, "succ_per_s_lower": 0.9364591234707909, "succ_per_s_upper": 1.0946828777325504}, {"t2": 100000000.0, "use_deadlines": false, "latency_factor": 0.01, "busy_factor": 1, "arrival_rate": 0.1, "succ_prob": 0.86, "succ_prob_lower": 0.7381354280147191, "succ_prob_upper": 0.9304925473797714, "makespan": 1497675000.0, "succ_per_s": 0.5742233795716695, "succ_per_s_lower": 0.49285420936766594, "succ_per_s_upper": 0.6212913665379814}]}