{"meta": {"timestamp": "20230713_174730", "sim_duration": 0.3104560375213623, "latency_factors": [0.01], "determ": false, "use_deadlines": false, "num_iterations": 5}, "data_points": [{"t2": 100000000.0, "use_deadlines": false, "latency_factor": 0.01, "busy_factor": 0, "arrival_rate": 0, "succ_prob": 1.0, "succ_prob_lower": 0.565508505247919, "succ_prob_upper": 1.0000000000000002, "makespan": 10246500.0, "succ_per_s": 97.59430049285122, "succ_per_s_lower": 55.190406992428535, "succ_per_s_upper": 97.59430049285125}]}