{"meta": {"timestamp": "20230706_113739", "sim_duration": 0.09564018249511719, "latency_factors": [0.1], "determ": false, "use_deadlines": false, "num_iterations": 1}, "data_points": [{"t2": 100000000.0, "use_deadlines": false, "latency_factor": 0.1, "busy_factor": 1, "arrival_rate": 1, "succ_prob": 1.0, "succ_prob_lower": 0.20654329147389294, "succ_prob_upper": 1.0, "makespan": 10060019500.0, "succ_per_s": 0.09940338584830775, "succ_per_s_lower": 0.020531102496758873, "succ_per_s_upper": 0.09940338584830775}]}