{"meta": {"timestamp": "20230706_103958", "sim_duration": 0.5359129905700684, "latency_factors": [0.01], "determ": false, "use_deadlines": false, "num_iterations": 5}, "data_points": [{"t2": 100000000.0, "use_deadlines": false, "latency_factor": 0.01, "busy_factor": 0, "arrival_rate": 0.1, "succ_prob": 1.0, "succ_prob_lower": 0.565508505247919, "succ_prob_upper": 1.0000000000000002, "makespan": 30102500.0, "succ_per_s": 33.219832239847186, "succ_per_s_lower": 18.78609767454261, "succ_per_s_upper": 33.2198322398472}, {"t2": 100000000.0, "use_deadlines": false, "latency_factor": 0.01, "busy_factor": 0.5, "arrival_rate": 0.1, "succ_prob": 1.0, "succ_prob_lower": 0.565508505247919, "succ_prob_upper": 1.0000000000000002, "makespan": 76567500.0, "succ_per_s": 13.060371567571098, "succ_per_s_lower": 7.385751203159551, "succ_per_s_upper": 13.060371567571101}, {"t2": 100000000.0, "use_deadlines": false, "latency_factor": 0.01, "busy_factor": 1, "arrival_rate": 0.1, "succ_prob": 0.8, "succ_prob_lower": 0.37552826411853885, "succ_prob_upper": 0.9637768390302125, "makespan": 131067500.0, "succ_per_s": 6.103725179773781, "succ_per_s_lower": 2.8651516517713307, "succ_per_s_upper": 7.353286200089363}]}