{"meta": {"timestamp": "20230713_151840", "sim_duration": 0.1121366024017334, "latency_factors": [0.01], "determ": false, "use_deadlines": false, "num_iterations": 1}, "data_points": [{"t2": 100000000.0, "use_deadlines": false, "latency_factor": 0.01, "busy_factor": 0, "arrival_rate": 0, "succ_prob": 1.0, "succ_prob_lower": 0.20654329147389294, "succ_prob_upper": 1.0, "makespan": 2043500.0, "succ_per_s": 489.35649620748717, "succ_per_s_lower": 101.073301430826, "succ_per_s_upper": 489.35649620748717}]}