{"meta": {"timestamp": "20230713_152158", "sim_duration": 0.13954877853393555, "latency_factors": [10000], "determ": false, "use_deadlines": false, "num_iterations": 10}, "data_points": [{"t2": 100000000.0, "use_deadlines": false, "latency_factor": 10000, "busy_factor": 0, "arrival_rate": 0, "succ_prob": 0.8, "succ_prob_lower": 0.49015684672072346, "succ_prob_upper": 0.9433190520193067, "makespan": 20000000487000.0, "succ_per_s": 3.999999902600002e-05, "succ_per_s_lower": 2.4507841739270226e-05, "succ_per_s_upper": 4.716595145247442e-05}]}