{"meta": {"timestamp": "20230706_103949", "sim_duration": 0.23489928245544434, "latency_factors": [0.01], "determ": false, "use_deadlines": false, "num_iterations": 5}, "data_points": [{"t2": 100000000.0, "use_deadlines": false, "latency_factor": 0.01, "busy_factor": 0, "arrival_rate": 0.1, "succ_prob": 1.0, "succ_prob_lower": 0.565508505247919, "succ_prob_upper": 1.0000000000000002, "makespan": 30102500.0, "succ_per_s": 33.219832239847186, "succ_per_s_lower": 18.78609767454261, "succ_per_s_upper": 33.2198322398472}]}