{"meta": {"timestamp": "20230713_152157", "sim_duration": 0.12401986122131348, "latency_factors": [10000], "determ": false, "use_deadlines": false, "num_iterations": 10}, "data_points": [{"t2": 100000000.0, "use_deadlines": false, "latency_factor": 10000, "busy_factor": 0, "arrival_rate": 0, "succ_prob": 0.5, "succ_prob_lower": 0.2365895936154873, "succ_prob_upper": 0.7634104063845127, "makespan": 20000000487000.0, "succ_per_s": 2.4999999391250016e-05, "succ_per_s_lower": 1.1829479392726541e-05, "succ_per_s_upper": 3.8170519389773495e-05}]}