{"meta": {"timestamp": "20230713_152229", "sim_duration": 0.5156347751617432, "latency_factors": [0.1], "determ": false, "use_deadlines": false, "num_iterations": 50}, "data_points": [{"t2": 100000000.0, "use_deadlines": false, "latency_factor": 0.1, "busy_factor": 0, "arrival_rate": 0, "succ_prob": 0.9, "succ_prob_lower": 0.7863950966521162, "succ_prob_upper": 0.9565248760084288, "makespan": 1002463000.0, "succ_per_s": 0.8977887463178192, "succ_per_s_lower": 0.7844629643708707, "succ_per_s_upper": 0.9541747436149053}]}