{"meta": {"timestamp": "20230706_114359", "sim_duration": 0.0989840030670166, "latency_factors": [0.1], "determ": false, "use_deadlines": false, "num_iterations": 1}, "data_points": [{"t2": 100000000.0, "use_deadlines": false, "latency_factor": 0.1, "busy_factor": 0, "arrival_rate": 0, "succ_prob": 1.0, "succ_prob_lower": 0.20654329147389294, "succ_prob_upper": 1.0, "makespan": 220060500.0, "succ_per_s": 4.54420488911004, "succ_per_s_lower": 0.9385750349285444, "succ_per_s_upper": 4.54420488911004}]}