{"meta": {"timestamp": "20230713_151255", "sim_duration": 0.02952122688293457, "latency_factors": [0.1], "determ": false, "use_deadlines": false, "num_iterations": 1}, "data_points": [{"t2": 100000000.0, "use_deadlines": false, "latency_factor": 0.1, "busy_factor": 0, "arrival_rate": 0, "succ_prob": 1.0, "succ_prob_lower": 0.20654329147389294, "succ_prob_upper": 1.0, "makespan": 20043500.0, "succ_per_s": 49.89148601791104, "succ_per_s_lower": 10.304751738663056, "succ_per_s_upper": 49.89148601791104}]}