{"meta": {"timestamp": "20230713_151429", "sim_duration": 0.08599424362182617, "latency_factors": [100], "determ": false, "use_deadlines": false, "num_iterations": 1}, "data_points": [{"t2": 100000000.0, "use_deadlines": false, "latency_factor": 100, "busy_factor": 0, "arrival_rate": 0, "succ_prob": 1.0, "succ_prob_lower": 0.20654329147389294, "succ_prob_upper": 1.0, "makespan": 20000043500.0, "succ_per_s": 0.04999989125023653, "succ_per_s_lower": 0.010327142112160554, "succ_per_s_upper": 0.04999989125023653}]}