{"meta": {"timestamp": "20230713_174846", "sim_duration": 0.22202444076538086, "latency_factors": [0.01], "determ": true, "use_deadlines": false, "num_iterations": 5}, "data_points": [{"t2": 100000000.0, "use_deadlines": false, "latency_factor": 0.01, "busy_factor": 0, "arrival_rate": 0, "succ_prob": 1.0, "succ_prob_lower": 0.565508505247919, "succ_prob_upper": 1.0000000000000002, "makespan": 10243500.0, "succ_per_s": 97.6228828037292, "succ_per_s_lower": 55.20657053232967, "succ_per_s_upper": 97.62288280372921}]}