{"meta": {"timestamp": "20230706_103740", "sim_duration": 0.23273110389709473, "latency_factors": [0.01], "determ": false, "use_deadlines": false, "num_iterations": 5}, "data_points": [{"t2": 100000000.0, "use_deadlines": false, "latency_factor": 0.01, "busy_factor": 0, "arrival_rate": 0.1, "succ_prob": 0.6, "succ_prob_lower": 0.23071993220883702, "succ_prob_upper": 0.8823817688407467, "makespan": 30102500.0, "succ_per_s": 19.931899343908313, "succ_per_s_lower": 7.664477442366482, "succ_per_s_upper": 29.31257433238923}]}