{"meta": {"timestamp": "20230713_152216", "sim_duration": 0.47988390922546387, "latency_factors": [10], "determ": false, "use_deadlines": false, "num_iterations": 50}, "data_points": [{"t2": 100000000.0, "use_deadlines": false, "latency_factor": 10, "busy_factor": 0, "arrival_rate": 0, "succ_prob": 0.58, "succ_prob_lower": 0.4423319668777783, "succ_prob_upper": 0.7062520276543306, "makespan": 100002463000.0, "succ_per_s": 0.0057998571495184075, "succ_per_s_lower": 0.004423210725097624, "succ_per_s_upper": 0.007062346330953174}]}