{"meta": {"timestamp": "20230713_175441", "sim_duration": 0.17571640014648438, "latency_factors": [0.01], "determ": true, "use_deadlines": false, "num_iterations": 5}, "data_points": [{"t2": 100000000.0, "use_deadlines": false, "latency_factor": 0.01, "busy_factor": 1, "arrival_rate": 0, "succ_prob": 0.8, "succ_prob_lower": 0.37552826411853885, "succ_prob_upper": 0.9637768390302125, "makespan": 100037500.0, "succ_per_s": 7.997001124578283, "succ_per_s_lower": 3.7538749380836074, "succ_per_s_upper": 9.63415558195889}]}